link_tiktok,deskripsi_tiktok,judul_tiktok,tagar_tiktok,Username
https://www.tiktok.com/@fathan_382/video/7137231847095897371,hit#funnycat ,hit ,#funnycat,fathan_382
https://www.tiktok.com/@fathan_382/video/7089358169692015899,Eat everything#catfunny ,Eat everything ,#catfunny,fathan_382
https://www.tiktok.com/@fathan_382/video/7073877767133072666,terlihat konyol #catfunny ,terlihat konyol,#catfunny,fathan_382
https://www.tiktok.com/@fathan_382/video/7113949205265173786,hey#funnycat ,hey ,#funnycat,fathan_382
https://www.tiktok.com/@fathan_382/video/7051572706617068827,real sound amazing cat#funnycat ,real sound amazing cat ,#funnycat,fathan_382
https://www.tiktok.com/@fathan_382/video/7088598049458605338,angry cat#catfunny ,angry cat ,#catfunny,fathan_382
https://www.tiktok.com/@kangeditorrrr/video/7132821720037133595,so cute😻😻 #cat  #cats  #catlover  #funnyvideos  #funnycat  #kucing  #kucinglucu  #kucingtiktok  #fyp  #fypシ  #fypage  #fypシ゚viral ,so cute😻😻 シシ゚viral ,#cat #cats #catlover #funnyvideos #funnycat #kucing #kucinglucu #kucingtiktok #fyp #fyp #fypage #fyp,kangeditorrrr
https://www.tiktok.com/@fathan_382/video/7137775595915611418,bestie#funnycat ,bestie ,#funnycat,fathan_382
https://www.tiktok.com/@fathan_382/video/7094338787295235354,nge bug part 2 #funnycats ,nge bug part 2,#funnycats,fathan_382
https://www.tiktok.com/@fathan_382/video/7041069122200800539,funny  cat viral#catfunny ,funnycat viral ,#catfunny,fathan_382
https://www.tiktok.com/@fathan_382/video/7042338564343942427,bikin kaget aja cing#catfunny ,bikin kaget aja cing ,#catfunny,fathan_382
https://www.tiktok.com/@fathan_382/video/7082355394550467866,he can talk like human#catfunny ,he can talk like human ,#catfunny,fathan_382
https://www.tiktok.com/@zzahrajj/video/7135444124982955291,Membalas @phuwaryne  yang trakhir galak amat🤭🤣 #cat  #catlover  #cats  #funnyvideos  #funnycat  #kucing  #kucinglucu  #kucinggemes  #fyp  #fypシ  #fypシ゚viral  #fypdongggggggg  #fypage ,Membalas @phuwaryneyang trakhir galak amat🤭🤣 シシ゚viral ,#cat #catlover #cats #funnyvideos #funnycat #kucing #kucinglucu #kucinggemes #fyp #fyp #fyp #fypdongggggggg #fypage,zzahrajj
https://www.tiktok.com/@fathan_382/video/7086909547381673243,Cats make big laugh#funnycat ,Cats make big laugh ,#funnycat,fathan_382
https://www.tiktok.com/@fathan_382/video/7091214711424961819,best moment#funnycats ,best moment ,#funnycats,fathan_382
https://www.tiktok.com/@fathan_382/video/7066125418939665691,who the boss now#catfunny ,who the boss now ,#catfunny,fathan_382
https://www.tiktok.com/@cloud9pethotel/video/6993643918827080962,Yabadabadooooo!! #catsoftiktok  #cats  #kittens  #angrycat  #funnycat . #pets  #petsoftiktok ,Yabadabadooooo!!.,#catsoftiktok #cats #kittens #angrycat #funnycat #pets #petsoftiktok,cloud9pethotel
https://www.tiktok.com/@fathan_382/video/7089146552094133505,Cats need attention#catfunny ,Cats need attention ,#catfunny,fathan_382
https://www.tiktok.com/@art________7/video/7119837610662563098,#memekucingmeresahkan #catfunny  #AQUADULU  #bruh ,,#memekucingmeresahkan #catfunny #AQUADULU #bruh,art________7
https://www.tiktok.com/@fathan_382/video/7084168084080037146,Prank#catfunny  #animalfunny ,Prank ,#catfunny #animalfunny,fathan_382
https://www.tiktok.com/@fathan_382/video/7082055143688129818,savage cats moment#catfunny ,savage cats moment ,#catfunny,fathan_382
https://www.tiktok.com/@fathan_382/video/7064593545318976795,o my God what happen?#catfunny ,o my God what happen? ,#catfunny,fathan_382
https://www.tiktok.com/@fathan_382/video/7112715175605587226,when#funnycat ,when ,#funnycat,fathan_382
https://www.tiktok.com/@giri.suharjo/video/7106190053289905434,Maling Ikan No Jutsu😸#ninjacat  #opening  #naruto  #ninja  #shinobi  #challenge  #cats  #memestiktok  #kanaboonshillhouette  #catmeme  #funnymoments  #cat  #catfunny  #catfunnyvideos  #collab  #narutoshippuden  #funnymemes  #funnycat  #kucinglucu  #kucingtiktok  #anime  #fyp  #foryou  #foryoupage  #fypシ ,Maling Ikan No Jutsu😸シ ,#ninjacat #opening #naruto #ninja #shinobi #challenge #cats #memestiktok #kanaboonshillhouette #catmeme #funnymoments #cat #catfunny #catfunnyvideos #collab #narutoshippuden #funnymemes #funnycat #kucinglucu #kucingtiktok #anime #fyp #foryou #foryoupage #fyp,giri.suharjo
https://www.tiktok.com/@fathan_382/video/7123437535388355866,gabut's cats#funnycats ,gabut's cats ,#funnycats,fathan_382
https://www.tiktok.com/@fathan_382/video/7076761351338659099,Yang terakhir 😮#catfunny ,Yang terakhir 😮 ,#catfunny,fathan_382
https://www.tiktok.com/@fathan_382/video/7059074212627057947,Usilnya #catfunny ,Usilnya,#catfunny,fathan_382
https://www.tiktok.com/@fathan_382/video/7054977537780239642,out of control#catfunny ,out of control ,#catfunny,fathan_382
https://www.tiktok.com/@fathan_382/video/7069055300665462043,crazy cats#catfunny ,crazy cats ,#catfunny,fathan_382
https://www.tiktok.com/@takepoyo.jj/video/7106776136369081627,#cat   ga ramee haposss #funnycat , ga ramee haposss,#cat #funnycat,takepoyo.jj
https://www.tiktok.com/@sarahn777/video/7132080617193245979,So Cute😻#cat  #hewanlucu  #catfunny  #ngakak  #catlover  #funnycat  #funnyvideos  #videolucu  #videongakak  #kucingtiktok  #kucinglucu  #kucing  #fyp  #xyzbca  #fypシ  #fypシ゚viral  #viral  #jedagjedugkucingシ ,So Cute😻シシ゚viralシ ,#cat #hewanlucu #catfunny #ngakak #catlover #funnycat #funnyvideos #videolucu #videongakak #kucingtiktok #kucinglucu #kucing #fyp #xyzbca #fyp #fyp #viral #jedagjedugkucing,sarahn777
https://www.tiktok.com/@tazuke_/video/7097378559806754074,chad cat 😳 #cats  #funny  #fyp  @chibudgielvr ,chad cat 😳 @chibudgielvr ,#cats #funny #fyp,tazuke_
https://www.tiktok.com/@liloxblue/video/7121406912490392838,Boys went for next challange 😊  Via: @mmeowmmia  ✌️#cat  #catchallange  #thin  #catvs  #catsoftiktok  #funnycats  @mmeowmmia,Boys went for next challange 😊Via: @mmeowmmia✌️@mmeowmmia,#cat #catchallange #thin #catvs #catsoftiktok #funnycats,liloxblue
https://www.tiktok.com/@sarahn777/video/7121312262412979483,lucu😍 #funnycat  #kucinglucu  #kucingtiktok  #kucing  #funnyvideos  #catfunny  #catlover  #hewanlucu  #SarahN  #viral  #ngakak  #fypシ  #fyp  #fypシ゚viral  #xyzbca ,lucu😍 シシ゚viral ,#funnycat #kucinglucu #kucingtiktok #kucing #funnyvideos #catfunny #catlover #hewanlucu #SarahN #viral #ngakak #fyp #fyp #fyp #xyzbca,sarahn777
https://www.tiktok.com/@sarahn777/video/7119484282267028762,🐱: Oh Tidak Semudah Itu😏 #kucinglucu  #catfunny  #funnycat  #funnyvideos  #catlover  #kucing  #ngakak  #videongakak  #fyp  #fypシ  #fypシ゚viral  #xyzbca  #viral ,🐱: Oh Tidak Semudah Itu😏 シシ゚viral ,#kucinglucu #catfunny #funnycat #funnyvideos #catlover #kucing #ngakak #videongakak #fyp #fyp #fyp #xyzbca #viral,sarahn777
https://www.tiktok.com/@takepoyo.jj/video/7108740361593425179,#cat   gemoy nya #funnycat  ga ramee haposs, gemoy nya ga ramee haposs,#cat #funnycat,takepoyo.jj
https://www.tiktok.com/@fathan_382/video/7059812392091356443,amazing move#catfunny ,amazing move ,#catfunny,fathan_382
https://www.tiktok.com/@sann_x_am/video/7114167877690838298,bwaa!! #catfunny  #foryoupage ,bwaa!!,#catfunny #foryoupage,sann_x_am
https://www.tiktok.com/@sann_x_am/video/7099045778877861146,aduhh! #funnycat  #cutecat ,aduhh!,#funnycat #cutecat,sann_x_am
https://www.tiktok.com/@fathan_382/video/7060553546697149722,Balas @_.frency._11   i like cat to#catfunny ,Balas @_.frency._11 i like cat to ,#catfunny,fathan_382
https://www.tiktok.com/@art________7/video/7132349875018124571,#catfunnyvideos  #memes  #animalsoftiktok  #xyzbca , ,#catfunnyvideos #memes #animalsoftiktok #xyzbca,art________7
https://www.tiktok.com/@sann_x_am/video/7105338923953507611,🗿#catfunny  #foryoupage ,🗿 ,#catfunny #foryoupage,sann_x_am
https://www.tiktok.com/@fathan_382/video/7117299164135968026,yaw#catfunny ,yaw ,#catfunny,fathan_382
https://www.tiktok.com/@editormager3/video/7131333748276186394,cutee😻#cat  #catlover  #funnycat  #funnyvideos  #kucing  #kucinglucu  #kucingtiktok  #zahrajj  #fyp  #fypシ  #fypage  #fypシ゚viral ,cutee😻シシ゚viral ,#cat #catlover #funnycat #funnyvideos #kucing #kucinglucu #kucingtiktok #zahrajj #fyp #fyp #fypage #fyp,editormager3
https://www.tiktok.com/@takepoyo.jj/video/7108246816860212507,#cat  lucu nya #funnycat  ga ramee haposs,lucu nya ga ramee haposs,#cat #funnycat,takepoyo.jj
https://www.tiktok.com/@fathan_382/video/7077926337746308378,Out of control#catfunny ,Out of control ,#catfunny,fathan_382
https://www.tiktok.com/@zacbritishcat/video/7113872252143242522,#Kucing  #cat  #fyp  #catlover  #kucinglucu  #cutecat  #catlove  #catfunny  #kucinggemoy  #catsoftiktok  #kucingtiktok  #kucinggembul  #britishshorthaircat , ,#Kucing #cat #fyp #catlover #kucinglucu #cutecat #catlove #catfunny #kucinggemoy #catsoftiktok #kucingtiktok #kucinggembul #britishshorthaircat,zacbritishcat
https://www.tiktok.com/@funnywe0/video/6979867597248515330,Funny happy#cat  #funnyy ,Funny happy ,#cat #funnyy,funnywe0
https://www.tiktok.com/@takepoyo.jj/video/7107982117979573530,#cat   ga ramee haposs #funnycat , ga ramee haposs,#cat #funnycat,takepoyo.jj
https://www.tiktok.com/@se_ja8390/video/7109193971947031813,#funnyanimals  #lustigetiere  #funnycatsanddogs  #fyp  #fürdich ,ürdich ,#funnyanimals #lustigetiere #funnycatsanddogs #fyp #f,se_ja8390
https://www.tiktok.com/@funnycontent707/video/7119703788302142726,Funny Animals 108 #dog  #cat  #funny  #animals  #funnyanimals ,Funny Animals 108,#dog #cat #funny #animals #funnyanimals,funnycontent707
https://www.tiktok.com/@fathan_382/video/7110048464855207194,are u reafy#funnycat ,are u reafy ,#funnycat,fathan_382
https://www.tiktok.com/@catmillie17/video/7119339430598561051,Ada yang mau beli? 🤣 #fyp  #fypシ  #foryou  #cat  #catfunny  #catlover  #catmillie17 ,Ada yang mau beli? 🤣 シ ,#fyp #fyp #foryou #cat #catfunny #catlover #catmillie17,catmillie17
https://www.tiktok.com/@fathan_382/video/7127587821887474970,hai#funnycat ,hai ,#funnycat,fathan_382
https://www.tiktok.com/@fathan_382/video/7106952605032598810,Kucinge paijo muzmets#funnycat ,Kucinge paijo muzmets ,#funnycat,fathan_382
https://www.tiktok.com/@shadow19th3/video/7127937004876074266,#cats  #funnycats  #cat  cats are funny🤣😂,cats are funny🤣😂,#cats #funnycats #cat,shadow19th3
https://www.tiktok.com/@black_sun60/video/7088632474623921409,😂 #funny #fyp #cat #catfunny #meme #memecat ,😂 ,#funny #fyp #cat #catfunny #meme #memecat,black_sun60
https://www.tiktok.com/@funny6657/video/7114662821249436955,#funny  #cat  #woman  #laughter  #meme , ,#funny #cat #woman #laughter #meme,funny6657
https://www.tiktok.com/@zacbritishcat/video/7133883485537799451,"Siapa bilang Zac nga ada kerja?Liat nih kesibukannya Zac, full jadwalnya🤣Makan, main, tidur, poop pee.Btw poop & pee nya untung di pasir tofu, uda nga perlu khawatir karena tidak berbau dan tidak berdebu.Senengnya sekarang @evopet.id sudah rilis pasirnya, ada banyak variant dan bisa didapatkan di online maupun dipetshop 🤗Yang penasaran, yuk cobain!  #Kucing #cat # fyp # catlo ver #kucin glucu #cutec at #catlo ve #catfu nny #kucin ggemoy #catso ftiktok #kucin gtiktok #kucin ggembul #briti shshorthaircat #kucin gku #catvi deo #kucin gnyimut #kitte n ","Siapa bilang Zac nga ada kerja?Liat nih kesibukannya Zac, full jadwalnya🤣Makan, main, tidur, poop pee.Btw poop & pee nya untung di pasir tofu, uda nga perlu khawatir karena tidak berbau dan tidak berdebu.Senengnya sekarang @evopet.id sudah rilis pasirnya, ada banyak variant dan bisa didapatkan di online maupun dipetshop 🤗Yang penasaran, yuk cobain!# fyp # catlo verglucuatvennyggemoyftiktokgtiktokggembulshshorthaircatgkudeognyimutn ",#Kucing #cat #kucin #cutec #catlo #catfu #kucin #catso #kucin #kucin #briti #kucin #catvi #kucin #kitte,zacbritishcat
https://www.tiktok.com/@ttsally0/video/7107902043632798982,Don’t stop it...#pet  #cat  #funny  #catnip  #cute  #foryou  ,Don’t stop it...,#pet #cat #funny #catnip #cute #foryou,ttsally0
https://www.tiktok.com/@fathan_382/video/7097365455823850779,lelah#funnycats ,lelah ,#funnycats,fathan_382
https://www.tiktok.com/@fathan_382/video/7102872994736917787,Smash!#funnycats ,Smash! ,#funnycats,fathan_382
https://www.tiktok.com/@amazing_partner/video/7122270932395117829,Cute Moment 😍#cat  #catsoftiktok  #funny  #pet  #cute  #viral  #fyp ,Cute Moment 😍 ,#cat #catsoftiktok #funny #pet #cute #viral #fyp,amazing_partner
https://www.tiktok.com/@fathan_382/video/7107929527019441434,haha#funnycat ,haha ,#funnycat,fathan_382
https://www.tiktok.com/@editormager3/video/7130530449998220571,Ih Cute😍 #kucing  #kucinglucu  #kucingtiktok  #cat  #catlover  #funnycat  #funnyvideos  #fyp  #fypシ  #fypage  #fypシ゚viral ,Ih Cute😍 シシ゚viral ,#kucing #kucinglucu #kucingtiktok #cat #catlover #funnycat #funnyvideos #fyp #fyp #fypage #fyp,editormager3
https://www.tiktok.com/@funnycontent707/video/7120717494360247557,Funny Animals 111 #dog  #cat  #funny  #funnyanimals  #fyp ,Funny Animals 111,#dog #cat #funny #funnyanimals #fyp,funnycontent707
https://www.tiktok.com/@funny_cat_cute3/video/7126398426857688362,#cat  #funnycat  #catsoftiktok  #foryou  #fyp , ,#cat #funnycat #catsoftiktok #foryou #fyp,funny_cat_cute3
https://www.tiktok.com/@anggapw_preset/video/7122741343679483163,Si Gemoy😍 #kucing  #gemoy  #cat  #funny  #viral  #fyp  #foryoupage ,Si Gemoy😍,#kucing #gemoy #cat #funny #viral #fyp #foryoupage,anggapw_preset
https://www.tiktok.com/@funny_v.i.p/video/7077904540791573806,The end 😂😂#animal  #pet  #cats  #pets  #pets  #dogs  #animals  #dog  #wee  #funny  #cat  #fyp  #🤣🤣🤣 ,The end 😂😂#🤣🤣🤣 ,#animal #pet #cats #pets #pets #dogs #animals #dog #wee #funny #cat #fyp,funny_v.i.p
https://www.tiktok.com/@beaticutecats/video/7095023117633948974,😂😂😂#kittycat  #cats  #kittys  #cute  #funny  #fyp ,😂😂😂 ,#kittycat #cats #kittys #cute #funny #fyp,beaticutecats
https://www.tiktok.com/@petlove889/video/7123067219453512987,Sing#cat  #catsoftiktok  #fyp #cute #funny #haha ,Sing,#cat #catsoftiktok #fyp #cute #funny #haha,petlove889
https://www.tiktok.com/@ocheng.oyen/video/7132134812869086490,#cat  #catsoftiktok  #kucing  #kucinglucu  #funnyvideos  #funnycat  Sc: ig kucingerror.id,Sc: ig kucingerror.id,#cat #catsoftiktok #kucing #kucinglucu #funnyvideos #funnycat,ocheng.oyen
https://www.tiktok.com/@kangeditorrrr/video/7132447640347856155,so cute😍 #cat  #cats  #catlover  #funnyvideos  #funnycat  #kucing  #kucinglucu  #kucingtiktok  #fyp  #fypシ  #fypage  #fypシ゚viral  #MenjadiIndonesia ,so cute😍 シシ゚viral ,#cat #cats #catlover #funnyvideos #funnycat #kucing #kucinglucu #kucingtiktok #fyp #fyp #fypage #fyp #MenjadiIndonesia,kangeditorrrr
https://www.tiktok.com/@nd.phoenix/video/7108440039956270379,#catsfunnyvideos , ,#catsfunnyvideos,nd.phoenix
https://www.tiktok.com/@thekittyandrea/video/7134697613143592198,Dracula Andrea 🧛‍♀️ #catsoftiktok  #funnycat  ,Dracula Andrea 🧛‍♀️ ,#catsoftiktok #funnycat,thekittyandrea
https://www.tiktok.com/@kurttocci/video/7110755566988889387,EVERY CAT EVER 😸😅 (part 1) #comedy  #funny  #humor  #cat  #cats  #meme  #catsoftiktok  #pet  #pov  #foryou  #fyp ,EVERY CAT EVER 😸😅 (part 1),#comedy #funny #humor #cat #cats #meme #catsoftiktok #pet #pov #foryou #fyp,kurttocci
https://www.tiktok.com/@sarahn777/video/7131332843745135899,cute😻😻 [Cr:@Meow_Cash ] #cat  #catlover  #funnycat  #videolucu  #funnyvideos  #kucing  #kucinglucu  #kucingtiktok  #videongakak  #viral  #fypシ゚viral  #fyp  #xyzbca  #catfunny  #fypシ ,cute😻😻 [Cr:@Meow_Cash ] シ゚viralシ ,#cat #catlover #funnycat #videolucu #funnyvideos #kucing #kucinglucu #kucingtiktok #videongakak #viral #fyp #fyp #xyzbca #catfunny #fyp,sarahn777
https://www.tiktok.com/@amazing_partner/video/7091092163601190149,Cute Moment 😍#cute  #pet  #viral  #funny  #fyp  #cat  #catsoftiktok ,Cute Moment 😍 ,#cute #pet #viral #funny #fyp #cat #catsoftiktok,amazing_partner
https://www.tiktok.com/@cutecats318/video/7084586984332660010,cute cat#funny  #neko  #cute  #cat  #catsoftiktok  #kitten  #kittensoftiktok  #fyp ,cute cat ,#funny #neko #cute #cat #catsoftiktok #kitten #kittensoftiktok #fyp,cutecats318
https://www.tiktok.com/@iampets_com/video/7083862667613490474,The end😂 #funny  #funnyvideos  #animals  #haha  #meme  #dog  #cat  #fypage  #viral  #pets ,The end😂,#funny #funnyvideos #animals #haha #meme #dog #cat #fypage #viral #pets,iampets_com
https://www.tiktok.com/@wayyuuuuu/video/7106682329422236954,🐱 #cats  #cat  #catfunny  #fyp ,🐱,#cats #cat #catfunny #fyp,wayyuuuuu
https://www.tiktok.com/@oboksoboks/video/7138325138998562049,#cats  #catsfunnyvideos  #catsoftiktok  #funnyvideos  #justforfun  #randomvideos  #😂  ,#😂,#cats #catsfunnyvideos #catsoftiktok #funnyvideos #justforfun #randomvideos,oboksoboks
https://www.tiktok.com/@funnycontent707/video/7122836619685678341,Funny Animals 121 #cat  #funny  #animals  #funnyanimals  #cute ,Funny Animals 121,#cat #funny #animals #funnyanimals #cute,funnycontent707
https://www.tiktok.com/@konaandkai67/video/7046618357281426694,#fyp  #tiktokcats  #catsoftiktok  #talkingcat  #funnycat , ,#fyp #tiktokcats #catsoftiktok #talkingcat #funnycat,konaandkai67
https://www.tiktok.com/@fathan_382/video/7137673078527626523,moodboster#funnycat ,moodboster ,#funnycat,fathan_382
https://www.tiktok.com/@kitty_perferred/video/6866927712745901318,It threw up😹😹😹#cat  #petlifes  #funny ,It threw up😹😹😹 ,#cat #petlifes #funny,kitty_perferred
https://www.tiktok.com/@drcase.official/video/7104187610205064475,Meow meow 😼 #funnycat  #fyp  #funnyvideos  #viral ,Meow meow 😼,#funnycat #fyp #funnyvideos #viral,drcase.official
https://www.tiktok.com/@weeememeitalia/video/7113933778279566598,#weeememeitalia  #funny  #cats  #kitten  #compilation  #animalsoftiktok  #catsoftiktok , ,#weeememeitalia #funny #cats #kitten #compilation #animalsoftiktok #catsoftiktok,weeememeitalia
https://www.tiktok.com/@pots_rt/video/7094964333947538714,Just a random cats video #cats  #funnycats  #randomcats  #ctto  #catpuns  #catmemes ,Just a random cats video,#cats #funnycats #randomcats #ctto #catpuns #catmemes,pots_rt
https://www.tiktok.com/@amazing_partner/video/7101489125244652806,Cute Moment 😍#fyp  #viral  #pet  #cute  #funny  #cat  #catsoftiktok ,Cute Moment 😍 ,#fyp #viral #pet #cute #funny #cat #catsoftiktok,amazing_partner
https://www.tiktok.com/@editormager3/video/7131705228788813082,So Cute😍 #cat  #catlover  #funnycat  #funnyvideos  #kucing  #kucinglucu  #kucingtiktok  #xyzbca  #fyp  #fypシ  #fypage  #fypシ゚viral ,So Cute😍 シシ゚viral ,#cat #catlover #funnycat #funnyvideos #kucing #kucinglucu #kucingtiktok #xyzbca #fyp #fyp #fypage #fyp,editormager3
https://www.tiktok.com/@amazing_partner/video/7083298762268921093,Cute Moment 😻#funny  #pet  #cute  #cat  #catsoftiktok  #fyp  #viral ,Cute Moment 😻 ,#funny #pet #cute #cat #catsoftiktok #fyp #viral,amazing_partner
https://www.tiktok.com/@garyemilio1/video/7133333016704814341,#catsoftiktok  #fyp  #orangecat  #trend  #animals  #funny  #cats  ,,#catsoftiktok #fyp #orangecat #trend #animals #funny #cats,garyemilio1
https://www.tiktok.com/@eee200125/video/7086657962655321390,eat cat#cat  #funny  #cute  #tiktok ,eat cat ,#cat #funny #cute #tiktok,eee200125
https://www.tiktok.com/@sarahn777/video/7130592782925827355,master chef kucing😹 #cat  #catlover  #funnycat  #hewanlucu  #videolucu  #funnyvideos  #kucing  #kucinglucu  #kucingtiktok  #videongakak  #viral  #fypシ゚viral  #fyp  #xyzbca  #masterchef ,master chef kucing😹 シ゚viral ,#cat #catlover #funnycat #hewanlucu #videolucu #funnyvideos #kucing #kucinglucu #kucingtiktok #videongakak #viral #fyp #fyp #xyzbca #masterchef,sarahn777
https://www.tiktok.com/@pawcause/video/7057174992135621894,"apparently, cats can talk... #cat  #funny  #funnycats  #foryou  #fyp ","apparently, cats can talk...",#cat #funny #funnycats #foryou #fyp,pawcause
https://www.tiktok.com/@ladyamora/video/7020245560305257733,spooky season #catsoftiktok  #cats  #scaredycat  #IKnowWhatYouDid  #MakeItCinematic  #funny  #funnycat ,spooky season,#catsoftiktok #cats #scaredycat #IKnowWhatYouDid #MakeItCinematic #funny #funnycat,ladyamora
https://www.tiktok.com/@emmastart01/video/6988884990159359238,Food can make me happy#cat  #cats  #cute  #catsoftiktok  #pet  #animal  #viral  #foryoupage  #catlover  #funnycat  #funnyvideo ,Food can make me happy ,#cat #cats #cute #catsoftiktok #pet #animal #viral #foryoupage #catlover #funnycat #funnyvideo,emmastart01
https://www.tiktok.com/@catdogcody/video/6910269567847648517,#catfail  #fail  #dumbcatsoftiktok  #snovid2020  #ohnono  #catsoftiktok  #cat  #dumbcat  #snow  #funny  #funnyvideos  #funnycatsoftiktok  #funnycats  #catvideo , ,#catfail #fail #dumbcatsoftiktok #snovid2020 #ohnono #catsoftiktok #cat #dumbcat #snow #funny #funnyvideos #funnycatsoftiktok #funnycats #catvideo,catdogcody
https://www.tiktok.com/@zacbritishcat/video/7102742241306791195,#Kucing  #cat  #fyp  #catlover  #kucinglucu  #cutecat  #catlove  #catfunny  #kucinggemoy  #catsoftiktok  #kucingtiktok  #kucinggembul  #britishshorthaircat  #kucingku  #catvideo  #kucingnyimut  #kitten , ,#Kucing #cat #fyp #catlover #kucinglucu #cutecat #catlove #catfunny #kucinggemoy #catsoftiktok #kucingtiktok #kucinggembul #britishshorthaircat #kucingku #catvideo #kucingnyimut #kitten,zacbritishcat
https://www.tiktok.com/@funnyofpets/video/7042497441450511622,Funny cat collection 😂#funny  #cat  #fypシ  #foryou ,Funny cat collection 😂シ ,#funny #cat #fyp #foryou,funnyofpets
https://www.tiktok.com/@sarahn777/video/7122804838836047130,cute😍 #funnycat  #cat  #catlover  #kucinglucu  #funnyvideos  #kucing  #xyzbca  #fyp  #fypシ゚viral ,cute😍 シ゚viral ,#funnycat #cat #catlover #kucinglucu #funnyvideos #kucing #xyzbca #fyp #fyp,sarahn777
https://www.tiktok.com/@dailymail/video/7041202077992815877,OOPS! 🎥: Jukin Media #dailymail  #cat  #cats  #funny  #lol  #JBLGreekOut  #ohno  #fail  #epicfail  #haha  #CustomersMostLoved ,OOPS! 🎥: Jukin Media,#dailymail #cat #cats #funny #lol #JBLGreekOut #ohno #fail #epicfail #haha #CustomersMostLoved,dailymail
https://www.tiktok.com/@petstory123/video/7103321903145749806,Just fun 😁#pet  #cat  #funny  #petlover  #fyp ,Just fun 😁 ,#pet #cat #funny #petlover #fyp,petstory123
https://www.tiktok.com/@zarastarr1/video/7052170554719079686,#cat  #catsoftiktok  #cats  #funny  #funnyvideos  #viral  #fyp  #fypシ ,シ ,#cat #catsoftiktok #cats #funny #funnyvideos #viral #fyp #fyp,zarastarr1
https://www.tiktok.com/@zeng_7999/video/7023706802944576774,#kitten  #hamster  #cute  #funny  #pet  #catsoftiktok  #cuteanimals , ,#kitten #hamster #cute #funny #pet #catsoftiktok #cuteanimals,zeng_7999
https://www.tiktok.com/@ttsally0/video/7100264155768245509,What’s happening...#pet  #cat  #funny  #cute  #foryou ,What’s happening... ,#pet #cat #funny #cute #foryou,ttsally0
https://www.tiktok.com/@joe_rain0/video/7135532864547851526,the end #cats  #funny  #funnyvideos  #pet  #catsoftiktok  #cats  #pets  #fyp  #foryoupage  #fypシ ,the end シ ,#cats #funny #funnyvideos #pet #catsoftiktok #cats #pets #fyp #foryoupage #fyp,joe_rain0
https://www.tiktok.com/@cats_mood/video/6912762561842662662,Happy new 2021 year🥺🎄#рек  #foryou  #fyp  #р_е_к_о_м_е_н_д_а_ц_и_и_  #cat  #funnycats  #смешныекоты ,Happy new 2021 year🥺🎄#рек#р_е_к_о_м_е_н_д_а_ц_и_и_#смешныекоты ,#foryou #fyp #cat #funnycats,cats_mood
https://www.tiktok.com/@funnyhere03/video/7122875590159371562,#funnyhere03  #funnycat  #funnydog  #funnyvideos  #funny  #fyp , ,#funnyhere03 #funnycat #funnydog #funnyvideos #funny #fyp,funnyhere03
https://www.tiktok.com/@anyawithsilentpistol/video/7121349436407631131,ctto. #funny  #meme  #cat  #animals  #fy  #xyzbca  #foryou  #foryoupage  #fyp ,ctto.,#funny #meme #cat #animals #fy #xyzbca #foryou #foryoupage #fyp,anyawithsilentpistol
https://www.tiktok.com/@catcat.lulu/video/7123486158352370950,#fyp  #fypシ  #kitty  #cat  #pet  #funny  Gossip cat.,シGossip cat.,#fyp #fyp #kitty #cat #pet #funny,catcat.lulu
https://www.tiktok.com/@funnykittens711/video/7136825868919459118,cute cat #funny  #neko  #cute  #cat  #catsoftiktok  #kitten  #kittensoftiktok  #fyp ,cute cat,#funny #neko #cute #cat #catsoftiktok #kitten #kittensoftiktok #fyp,funnykittens711
https://www.tiktok.com/@girlwithedogs/video/7126560095827168517,Riesling you won this round. #catsoftiktok  #funnycat  #fyp  #foryou  #viral  #foryoupage  #cat ,Riesling you won this round.,#catsoftiktok #funnycat #fyp #foryou #viral #foryoupage #cat,girlwithedogs
https://www.tiktok.com/@tipsterpl/video/7117276138526854406,"Funny Pets Compilation Short 127 - Funny Dogs, Cats & more animals! Try Not To Laugh 🤣#funny  #pets  #animals  #dogs  #cats  #funnydog  #funnycat  #laugh ","Funny Pets Compilation Short 127 - Funny Dogs, Cats & more animals! Try Not To Laugh 🤣 ",#funny #pets #animals #dogs #cats #funnydog #funnycat #laugh,tipsterpl
https://www.tiktok.com/@cutecats318/video/7111141144859266346,Neko#neko  #funny  #cat  #catsoftiktok  #cute  #kitten  #kittensoftiktok  #fyp ,Neko ,#neko #funny #cat #catsoftiktok #cute #kitten #kittensoftiktok #fyp,cutecats318
https://www.tiktok.com/@fathan_382/video/7099259584069553434,Peng-usil-an#funnycats ,Peng-usil-an ,#funnycats,fathan_382
https://www.tiktok.com/@lunabednarska/video/7099492781306957061,Who’s Nicole 🤔 #mum  #nicole  #catsoftiktok  #cat  #funnyvideos  #fluffycat  #foryou  #viral  #cute  #mauw  #kitty  #kittensoftiktok  #kittycat  #fypシ  #fyp  #foryou  #foryoupage  #viral  #notmysound  #kot  #dlaciebie  #kotek  #pet  #petlover  #pettok ,Who’s Nicole 🤔 シ ,#mum #nicole #catsoftiktok #cat #funnyvideos #fluffycat #foryou #viral #cute #mauw #kitty #kittensoftiktok #kittycat #fyp #fyp #foryou #foryoupage #viral #notmysound #kot #dlaciebie #kotek #pet #petlover #pettok,lunabednarska
https://www.tiktok.com/@catcat.lulu/video/7120822227301321990,#fyp  #fypシ  #cat  #pet  #funny ,シ ,#fyp #fyp #cat #pet #funny,catcat.lulu
https://www.tiktok.com/@ulrichcardin/video/7090908312631430446,#funny  #catlover  did you see anything more cute ever?,did you see anything more cute ever?,#funny #catlover,ulrichcardin
https://www.tiktok.com/@ceng_0410/video/7067146452417416494,Parkour cat#cat  #kitty  #parkour  #meow  #catlover  #funny ,Parkour cat ,#cat #kitty #parkour #meow #catlover #funny,ceng_0410
https://www.tiktok.com/@ocwforfun/video/6950152681881324802,#funny  #fyp  #cute  #cat , ,#funny #fyp #cute #cat,ocwforfun
https://www.tiktok.com/@catstiktok50/video/7130312458362785029,#fy  #cat  #cats  #funny  #fyp  #viral  #cute  #pet , ,#fy #cat #cats #funny #fyp #viral #cute #pet,catstiktok50
https://www.tiktok.com/@funny_v.i.p/video/7085331357206990126,The end 😂😂#wee  #animal  #cat  #cats  #dog  #dogs  #pets  #animals  #pet  #funny  #viral  #fyp  #🤣🤣🤣 ,The end 😂😂#🤣🤣🤣 ,#wee #animal #cat #cats #dog #dogs #pets #animals #pet #funny #viral #fyp,funny_v.i.p
https://www.tiktok.com/@funnycontent707/video/7130802692762406149,Funny Animals 157 #funnyanimals  #animals  #funny  #dog  #cat ,Funny Animals 157,#funnyanimals #animals #funny #dog #cat,funnycontent707
https://www.tiktok.com/@thekittyandrea/video/7120955965440068869,It’s honestly scary 🥲 #cat  #funnycat ,It’s honestly scary 🥲,#cat #funnycat,thekittyandrea
https://www.tiktok.com/@roarfluffy/video/7099681750095383851,#foryou  #catlover  #funny  #cats  #petlover  #genltart  #challenge  #lovely  #catsoftiktok  #challenge  #fyp , ,#foryou #catlover #funny #cats #petlover #genltart #challenge #lovely #catsoftiktok #challenge #fyp,roarfluffy
https://www.tiktok.com/@vids_s5/video/7115375630161644806,#fyp  #foryou  #PerfectPartner  #foryoupage  #foryourpage  #funny  #laugh  #lol  #fail  #cat  #cats  #attack  #animals , ,#fyp #foryou #PerfectPartner #foryoupage #foryourpage #funny #laugh #lol #fail #cat #cats #attack #animals,vids_s5
https://www.tiktok.com/@cat.fun.ny/video/7086867635488476459,Baby Cats- Cute and Funny Cat videos #cats  #catfunny  #catlove ,Baby Cats- Cute and Funny Cat videos,#cats #catfunny #catlove,cat.fun.ny
https://www.tiktok.com/@hirothemunchkin/video/7118326149490478363,I believe I can do it someday ! Just not this time ! #cat  #funnycat  #munchkin  #catlover ,I believe I can do it someday ! Just not this time !,#cat #funnycat #munchkin #catlover,hirothemunchkin
https://www.tiktok.com/@niuniujiu/video/7105445132274535706,#funny  #fyp  #tiktok  #funnyvideos  #beat_sync🔥🤟  #cat  #cutepet  #pet ,🔥🤟 ,#funny #fyp #tiktok #funnyvideos #beat_sync #cat #cutepet #pet,niuniujiu
https://www.tiktok.com/@xlcr6/video/7073030525732048130,Lol I don’t know how to react 😂#cutecat  #kitty  #funnycat  #fyp ,Lol I don’t know how to react 😂 ,#cutecat #kitty #funnycat #fyp,xlcr6
https://www.tiktok.com/@mamaboy151/video/7022617468136934682,"Nó đánh mình, mình chảy máu. Mình mà đánh nó, nó khóc 🙂 Best ăn vạ #meobeotentom  #khocnhe  #funnycat  #j4f ","Nó đánh mình, mình chảy máu. Mình mà đánh nó, nó khóc 🙂 Best ăn vạ",#meobeotentom #khocnhe #funnycat #j4f,mamaboy151
https://www.tiktok.com/@ilovecatss.commm/video/7127981667846851845,cats in the wrong places for you! #cats  #funny  #cute  ##fyp  #foru ,cats in the wrong places for you! # ,#cats #funny #cute #fyp #foru,ilovecatss.commm
https://www.tiktok.com/@bianca8916/video/7089261166794476806,tigger？😹#petcat  #foryou  #funny  #cats  #fyp ,tigger？😹 ,#petcat #foryou #funny #cats #fyp,bianca8916
https://www.tiktok.com/@amazing_partner/video/7093484645597121797,Cute Moment 🥰#catsoftiktok  #cat  #fyp  #funny  #viral  #pet  #cute ,Cute Moment 🥰 ,#catsoftiktok #cat #fyp #funny #viral #pet #cute,amazing_partner
https://www.tiktok.com/@oboksoboks/video/7111949339316014363,#cats  #catsoftiktok  #funnyvideos  #justforfun  #randomvideos  #😂 ,#😂 ,#cats #catsoftiktok #funnyvideos #justforfun #randomvideos,oboksoboks
https://www.tiktok.com/@fathan_382/video/7066470218318531866,kok bisa #catfunny ,kok bisa,#catfunny,fathan_382
https://www.tiktok.com/@dabao508/video/7121198119794216238,😂😂#cat  #pet  #petfunny ,😂😂 ,#cat #pet #petfunny,dabao508
https://www.tiktok.com/@fathan_382/video/7057176541200911642,clever#funnycat ,clever ,#funnycat,fathan_382
https://www.tiktok.com/@amazing_partner/video/7103459912969194757,Cute Moment 🥰#catsoftiktok  #cat  #funny  #cute  #pet  #viral  #fyp ,Cute Moment 🥰 ,#catsoftiktok #cat #funny #cute #pet #viral #fyp,amazing_partner
https://www.tiktok.com/@imluce_xo/video/7078064318570482950,I do miss this cat😸🖤 #cat  #catsoftiktok  #catlover  #catlove  #funnycat  #funnycatvideo  #beans  #rip  #missyou ,I do miss this cat😸🖤,#cat #catsoftiktok #catlover #catlove #funnycat #funnycatvideo #beans #rip #missyou,imluce_xo
https://www.tiktok.com/@pets_harolion/video/7034049446212324654,sorry😂#catsoftiktok  #funnycat  #funnycat  #foryou ,sorry😂 ,#catsoftiktok #funnycat #funnycat #foryou,pets_harolion
https://www.tiktok.com/@daily_badass_moments/video/7109375835596999942,#viral  #meme  #cat  #animal  #funny , ,#viral #meme #cat #animal #funny,daily_badass_moments
https://www.tiktok.com/@joe_rain0/video/7133657640604830981,The end😂😂 #cat  #dog  #funny  #pets  #funnyvideos  #animals  #catsoftiktok  #cats  #dogs  #pet  😊😊,The end😂😂 😊😊,#cat #dog #funny #pets #funnyvideos #animals #catsoftiktok #cats #dogs #pet,joe_rain0
https://www.tiktok.com/@a_fluffy_muffin/video/7094120252467956997,Your month your cat 🐱 #funny  #cats  #months  #fyp  #foryou  #viral ,Your month your cat 🐱,#funny #cats #months #fyp #foryou #viral,a_fluffy_muffin
https://www.tiktok.com/@funnyanimals_cute/video/7071309839451950338,#dog  #cat  #funny  #animals , ,#dog #cat #funny #animals,funnyanimals_cute
https://www.tiktok.com/@cutekittyclub/video/7039165071867743534,Hope eryone have a good mood 💕 #cats  #funnycat  #cutecat  #catlover  #naughtycat  #catsoftiktok  #foryou ,Hope eryone have a good mood 💕,#cats #funnycat #cutecat #catlover #naughtycat #catsoftiktok #foryou,cutekittyclub
https://www.tiktok.com/@tipsterpl/video/7104284686033227014,"Funny Pets Compilation Short 74 - Funny Dogs, Cats & more animals! Try Not To Laugh 🤣#funny  #pets  #animals  #dogs  #cats  #funnydog  #funnycat  #laugh ","Funny Pets Compilation Short 74 - Funny Dogs, Cats & more animals! Try Not To Laugh 🤣 ",#funny #pets #animals #dogs #cats #funnydog #funnycat #laugh,tipsterpl
https://www.tiktok.com/@fathan_382/video/7137556561995615515,lazycats#funnycat ,lazycats ,#funnycat,fathan_382
https://www.tiktok.com/@misti_koh/video/7123985302250720517,allô meow meow 😻❤️😻 #catsoftiktok  #cats  #funnycat  #cute  #fyp  #viral  #cat ,allô meow meow 😻❤️😻,#catsoftiktok #cats #funnycat #cute #fyp #viral #cat,misti_koh
https://www.tiktok.com/@bezer_cat/video/7055110803426446597,#cat  #cute  #funny  #pet  #foryou , ,#cat #cute #funny #pet #foryou,bezer_cat
https://www.tiktok.com/@socutepettiktok/video/7137616466119036187,lazy cat fat cat 😅#fyp  #anakkucing  #funnycat  #catlover  #lazycat  ,lazy cat fat cat 😅,#fyp #anakkucing #funnycat #catlover #lazycat,socutepettiktok
https://www.tiktok.com/@funny_v7/video/7068718057556069678,#funny_v7  #amazing  #wtf  #foryou  #😂  #lol  #funny  #haha  #pet  #cat  #cats ,#😂 ,#funny_v7 #amazing #wtf #foryou #lol #funny #haha #pet #cat #cats,funny_v7
https://www.tiktok.com/@cute__cheese/video/7095718692960374058,#weee  #🤣🤣🤣  #pets  #cat  #pet  #animals  #animal  #catlover  #fun  #dog  #funnyy  #dogs  #cats  #funnyvideos  #funny  #wee ,#🤣🤣🤣 ,#weee #pets #cat #pet #animals #animal #catlover #fun #dog #funnyy #dogs #cats #funnyvideos #funny #wee,cute__cheese
https://www.tiktok.com/@funny_vip007/video/7126138121250426154,Funny Animals! 😂🤣  #dog  #cat  #funnyanimals  #cute  #fyp  #funny_vip007 ,Funny Animals! 😂🤣 ,#dog #cat #funnyanimals #cute #fyp #funny_vip007,funny_vip007
https://www.tiktok.com/@funnyhere03/video/7106592397928221994,#funnyhere03  #funnyvideos  #funny  #funnycat  #comedy  #humor  #foryoupage  #foryou  #fyp , ,#funnyhere03 #funnyvideos #funny #funnycat #comedy #humor #foryoupage #foryou #fyp,funnyhere03
https://www.tiktok.com/@fathan_382/video/7090252019440684314,ekspresi kocak#funnycats ,ekspresi kocak ,#funnycats,fathan_382
https://www.tiktok.com/@meowning_4u/video/7134356205408980250,cat's body language..😼😽😿                  #funnycatvideo  #cutecat  #catsfilm  #catsdocumenter  #catsvideo  #catlover  #insidethemindofacat  #catsoftiktok  #netflix ,cat's body language..😼😽😿 ,#funnycatvideo #cutecat #catsfilm #catsdocumenter #catsvideo #catlover #insidethemindofacat #catsoftiktok #netflix,meowning_4u
https://www.tiktok.com/@ttsally0/video/7111003741700115718,What’s happening ...#pet  #cat  #funny  #catnip  #cute  #foryou  ,What’s happening ...,#pet #cat #funny #catnip #cute #foryou,ttsally0
https://www.tiktok.com/@honeycutepet/video/7112367460610870574,Cool😎#foryou  #cat  #funny  #catlover  #lovely  #cute  #sweet  #smart  #cool  #fypシ ,Cool😎シ ,#foryou #cat #funny #catlover #lovely #cute #sweet #smart #cool #fyp,honeycutepet
https://www.tiktok.com/@weefunny1/video/7091299336486800642,Pet Funny 😝 #dogs  #cats  #pets  #funnyvideos  #foryou ,Pet Funny 😝,#dogs #cats #pets #funnyvideos #foryou,weefunny1
https://www.tiktok.com/@honeycutepet/video/7032659446199274757,😹#catsoftiktok  #petlover  #catlover  #funny  #cute  #foryou ,😹 ,#catsoftiktok #petlover #catlover #funny #cute #foryou,honeycutepet
https://www.tiktok.com/@weefunny1/video/7105780968551648514,Pet Funny 😅 #pets  #dogs  #cats  #funnyvideos  #chicken  #foryou ,Pet Funny 😅,#pets #dogs #cats #funnyvideos #chicken #foryou,weefunny1
https://www.tiktok.com/@honeycutepet/video/7118926734900137258,They need to calm down🤣#foryou  #cat  #catlover  #petlover  #cute  #funny  #lovely  #sweet  #lmao  #haha  #fight  #fypシ ,They need to calm down🤣シ ,#foryou #cat #catlover #petlover #cute #funny #lovely #sweet #lmao #haha #fight #fyp,honeycutepet
https://www.tiktok.com/@aereebook/video/7134616150851226907,Cat Meme Filter!😹 #catfilterchallenge  #xyzbca  #memecatfilter  #funny  #memes  #fyp  #fyp  #fyp ,Cat Meme Filter!😹,#catfilterchallenge #xyzbca #memecatfilter #funny #memes #fyp #fyp #fyp,aereebook
https://www.tiktok.com/@chrisnathandeleon/video/7011449385460469018,Funny Cats Try Not To Laugh | Funny Animals #catlover  #goodvibes  #fypシ  #fyp ,Funny Cats Try Not To Laugh | Funny Animals シ ,#catlover #goodvibes #fyp #fyp,chrisnathandeleon
https://www.tiktok.com/@honeycutepet/video/7053416622324747526,Very funny cat😹#foryou  #cats  #catlover  #catsoftiktok  #funny  #cute  #haha  #lmao  #meow  #petlover  #fypシ ,Very funny cat😹シ ,#foryou #cats #catlover #catsoftiktok #funny #cute #haha #lmao #meow #petlover #fyp,honeycutepet
https://www.tiktok.com/@shortyandshady/video/7060453811353079046,Is this really a cat? 😂 #confused  #swimmingcat  #funnycats  #cattok  #kitten ,Is this really a cat? 😂,#confused #swimmingcat #funnycats #cattok #kitten,shortyandshady
https://www.tiktok.com/@dratekax/video/7122435043338849578,Replying to @shoolttt13  Mèo rừng #pet  #funny  #cat  #cute ,Replying to @shoolttt13Mèo rừng,#pet #funny #cat #cute,dratekax
https://www.tiktok.com/@funnycontent707/video/7121113393255271685,Funny Animals 113 #dog  #cat  #funny  #animals  #cute  #funnyanimals  #fyp ,Funny Animals 113,#dog #cat #funny #animals #cute #funnyanimals #fyp,funnycontent707
https://www.tiktok.com/@takepoyo.jj/video/7108353177556208923,#cat  ga ramee haposs #funnycat ,ga ramee haposs,#cat #funnycat,takepoyo.jj
https://www.tiktok.com/@thekittyandrea/video/7132121217414352133,Most of her fart reactions so far 🚨👹 #cat  #catsoftiktok  #funnycats ,Most of her fart reactions so far 🚨👹,#cat #catsoftiktok #funnycats,thekittyandrea
https://www.tiktok.com/@genltart/video/7012977439567531270,Do you like such a shy cat?#shycat  #cutecats  #meows  #catgetup  #adorablecat  #catslife  #littlecat  #funnycats  #BillboardNXT ,Do you like such a shy cat? ,#shycat #cutecats #meows #catgetup #adorablecat #catslife #littlecat #funnycats #BillboardNXT,genltart
https://www.tiktok.com/@oboksoboks/video/7135378202159025434,#cats  #catsfunnyvideos  #catsoftiktok  #funnyvideos  #justforfun  #randomvideos  #😂 ,#😂 ,#cats #catsfunnyvideos #catsoftiktok #funnyvideos #justforfun #randomvideos,oboksoboks
https://www.tiktok.com/@thekittykrew_/video/7100730771442306310,am beby #catsoftiktok  #fyp  #xyzbca  #cat  #funny  #foryou  #foryoupage  #foryourpage ,am beby,#catsoftiktok #fyp #xyzbca #cat #funny #foryou #foryoupage #foryourpage,thekittykrew_
https://www.tiktok.com/@sarahn777/video/7128749317145382171,Cute😍#cat  #catlover  #catfunny  #funnycat  #hewanlucu  #funnyvideos  #kucingtiktok  #kucinglucu  #kucing  #fypシ  #fypシ゚viral  #viral  #xyzbca ,Cute😍シシ゚viral ,#cat #catlover #catfunny #funnycat #hewanlucu #funnyvideos #kucingtiktok #kucinglucu #kucing #fyp #fyp #viral #xyzbca,sarahn777
https://www.tiktok.com/@yy_tt_l/video/6954743583324802310,What?#cat  #cats  #funny  #catsoftiktok  @tiktok ,What?@tiktok ,#cat #cats #funny #catsoftiktok,yy_tt_l
https://www.tiktok.com/@fathan_382/video/7127355110979685659,disturb#catfunny ,disturb ,#catfunny,fathan_382
https://www.tiktok.com/@untuksemua2138/video/7137680272702639387,#cat #catfunny #catmoments , ,#cat #catfunny #catmoments,untuksemua2138
https://www.tiktok.com/@mymy_ishere/video/7077602559644503323,#kucing  #kucinglucu  #fyp  #cutemymy  #animal  #funny  #pet  #cat , ,#kucing #kucinglucu #fyp #cutemymy #animal #funny #pet #cat,mymy_ishere
https://www.tiktok.com/@fathan_382/video/7089496607867112731,hunter#catfunny ,hunter ,#catfunny,fathan_382
https://www.tiktok.com/@fathan_382/video/7078285135983955227,lucunya gk ketulungan #catfunny ,lucunya gk ketulungan,#catfunny,fathan_382
https://www.tiktok.com/@oboksoboks/video/7091890114728578330,#cats  #catsoftiktok  #funnyvideos  #justforfun  #randomvideos  #😂 ,#😂 ,#cats #catsoftiktok #funnyvideos #justforfun #randomvideos,oboksoboks
https://www.tiktok.com/@call_me_kittykitty/video/7129496872317635882,Cats rule the world. 🐱🐱🐱#cats #giant #funny #pets ,Cats rule the world. 🐱🐱🐱,#cats #giant #funny #pets,call_me_kittykitty
https://www.tiktok.com/@f.l_rich/video/7082435040860278058,#funny  #cat  #shorts , ,#funny #cat #shorts,f.l_rich
https://www.tiktok.com/@fluffsquad/video/6993025928959888646,Don’t do it..  (Credit: @themanifamily  ) #viralcat  #cats  #funnycat ,Don’t do it..(Credit: @themanifamily),#viralcat #cats #funnycat,fluffsquad
https://www.tiktok.com/@beaticutecats/video/7093904751464549678,So cute 🥰🥰🥰🥰#kittycat  #cats  #kittys  #funny  #cute  #fyp ,So cute 🥰🥰🥰🥰 ,#kittycat #cats #kittys #funny #cute #fyp,beaticutecats
https://www.tiktok.com/@fantasyares/video/7100849649958882566,#catsoftiktok  #blackcat  #funnyvideos , ,#catsoftiktok #blackcat #funnyvideos,fantasyares
https://www.tiktok.com/@fathan_382/video/7126586495690935578,eating #funnycat ,eating,#funnycat,fathan_382
https://www.tiktok.com/@cutekittyclub/video/7134630985836154154,mow#cat  #funny  #catlover  #pet  #catsoftiktok  #kitty  #petlover ,mow ,#cat #funny #catlover #pet #catsoftiktok #kitty #petlover,cutekittyclub
https://www.tiktok.com/@beaticutecats/video/7103929088494144811,So cute 🥰🥰🥰#kittycat  #cats  #kittys  #cute  #funny  #fyp ,So cute 🥰🥰🥰 ,#kittycat #cats #kittys #cute #funny #fyp,beaticutecats
https://www.tiktok.com/@fathan_382/video/7124537675301850395,agosssss#funnycats ,agosssss ,#funnycats,fathan_382
https://www.tiktok.com/@catdaily7/video/7113803772224081194,funny cats#😂😂😂  #pet  #cute  #cat  #catsoftiktok  #funny ,funny cats#😂😂😂 ,#pet #cute #cat #catsoftiktok #funny,catdaily7
https://www.tiktok.com/@eee200125/video/7084411723884825902,tit for tat😡#cat  #pet  #funny  #cute  #tiktok  #catsoftiktok  @tiktok ,tit for tat😡@tiktok ,#cat #pet #funny #cute #tiktok #catsoftiktok,eee200125
https://www.tiktok.com/@sgugw123/video/7103549017874828546,Love❤#cute  #pet  #funny  #fyp  #viral  #foryou  #cat  #catsoftiktok ,Love❤ ,#cute #pet #funny #fyp #viral #foryou #cat #catsoftiktok,sgugw123
https://www.tiktok.com/@fathan_382/video/7089129581071879425,drop part 2#catfunny ,drop part 2 ,#catfunny,fathan_382
https://www.tiktok.com/@honeycutepet/video/7039309720951213317,Very cute😊#catsoftiktok  #cat  #catlover  #petlover  #cute  #funny  #foryoupage ,Very cute😊 ,#catsoftiktok #cat #catlover #petlover #cute #funny #foryoupage,honeycutepet
https://www.tiktok.com/@fathan_382/video/7064991684928572698,gumush#catfunny ,gumush ,#catfunny,fathan_382
https://www.tiktok.com/@fathan_382/video/7089092373707345153,Rapper cat#catfunny ,Rapper cat ,#catfunny,fathan_382
https://www.tiktok.com/@cute__cheese/video/7037816470612692271,#animal  #cats  #dogs  #wee  #animals  #pets  #funny  #weee  #fypage  #dog  #Wee  #cat  #pet  #🤣🤣🤣 ,#🤣🤣🤣 ,#animal #cats #dogs #wee #animals #pets #funny #weee #fypage #dog #Wee #cat #pet,cute__cheese
https://www.tiktok.com/@petniuniu87/video/7041395699472321838,"Hey, guys.Can you be better than him? Let's try.#cat  #cute  #funny  #catlover  #foryou  #fyp ","Hey, guys.Can you be better than him? Let's try. ",#cat #cute #funny #catlover #foryou #fyp,petniuniu87
https://www.tiktok.com/@hglzwl/video/7135067229003042090,#pet  #cat  #funny  #catsoftiktok  #cute  #fyp , ,#pet #cat #funny #catsoftiktok #cute #fyp,hglzwl
https://www.tiktok.com/@chou.kitten/video/7043462617423220014,(credit @abethekat)#zombie  #cat  #funnycat  #dance  #funny  #dancing  #comedy  #fyp  #foryou  #kitty  #kitten ,(credit @abethekat) ,#zombie #cat #funnycat #dance #funny #dancing #comedy #fyp #foryou #kitty #kitten,chou.kitten
https://www.tiktok.com/@dot_fvnky/video/7105547976281509147,#funnyvideos  #foryoupage  #catlover  #justforfun , ,#funnyvideos #foryoupage #catlover #justforfun,dot_fvnky
https://www.tiktok.com/@fathan_382/video/7131074511541194010,load#funnycat ,load ,#funnycat,fathan_382
https://www.tiktok.com/@yurk64/video/6999894709837630725,#cats  #funnyy , ,#cats #funnyy,yurk64
https://www.tiktok.com/@fathan_382/video/7083420002786790682,Please go out#catfunny ,Please go out ,#catfunny,fathan_382
https://www.tiktok.com/@funnyanimals042/video/7129165226989079814,#funnyanimalsvideo  #funnycat  #cat  #funnyvideos , ,#funnyanimalsvideo #funnycat #cat #funnyvideos,funnyanimals042
https://www.tiktok.com/@fathan_382/video/7105033723871104282,sotoy#funnycats ,sotoy ,#funnycats,fathan_382
https://www.tiktok.com/@cutepetshow/video/7085325002362375470,The poor cats bullied by the duck😂    #cat  #duck  #funny  #fyp  #foryoupage ,The poor cats bullied by the duck😂 ,#cat #duck #funny #fyp #foryoupage,cutepetshow
https://www.tiktok.com/@pet..supplies/video/7051770234893602095,Oh no !!!!!!!!!!!!!!!!!!⚠️#catsoftiktok  #petlover  #funny  #pet  #cute  #petsoftiktok  #cat  #love ,Oh no !!!!!!!!!!!!!!!!!!⚠️ ,#catsoftiktok #petlover #funny #pet #cute #petsoftiktok #cat #love,pet..supplies
https://www.tiktok.com/@luna881208/video/7137910105135172907,#pet  #cats  #petfunny  #catsoftiktok , ,#pet #cats #petfunny #catsoftiktok,luna881208
https://www.tiktok.com/@funny_v.i.p/video/7104636715394043182,The end 😂😂#funny  #funnyvideos  #pets  #dog  #pet  #animal  #cats  #animals  #dogs  #catsoftiktok  #cat  #🤣🤣🤣 ,The end 😂😂#🤣🤣🤣 ,#funny #funnyvideos #pets #dog #pet #animal #cats #animals #dogs #catsoftiktok #cat,funny_v.i.p
https://www.tiktok.com/@funcats02/video/7084667674092981510,😂😂#kitten  #kittensoftiktok  #cat  #catsoftiktok  #funny  #meow  #fyp ,😂😂 ,#kitten #kittensoftiktok #cat #catsoftiktok #funny #meow #fyp,funcats02
https://www.tiktok.com/@funnycontent707/video/7126709794425031941,Funny Animals 137 #cat  #cats  #funny  #funnyanimals  #animals ,Funny Animals 137,#cat #cats #funny #funnyanimals #animals,funnycontent707
https://www.tiktok.com/@okn0w/video/7131053488146107690,#funny  #cat  #meme  #memes  #viral , ,#funny #cat #meme #memes #viral,okn0w
https://www.tiktok.com/@thatiittiepuff/video/7107969772658412846,#tiktok  #thatlittlepuff  #cute  #cutecat  #funny  #cat , ,#tiktok #thatlittlepuff #cute #cutecat #funny #cat,thatiittiepuff
https://www.tiktok.com/@fathan_382/video/7107992052415122714,Rasanya mantap#funnycats ,Rasanya mantap ,#funnycats,fathan_382
https://www.tiktok.com/@fathan_382/video/7124240839328468250,menangeees#funnycats ,menangeees ,#funnycats,fathan_382
https://www.tiktok.com/@fathan_382/video/7119471018715974939,sad#funnycats ,sad ,#funnycats,fathan_382
https://www.tiktok.com/@ksamhadit7n/video/7030349093180427546,"Balas @yhogie_firhandika  cara 1 mungkin lebih aman #pov  : Peka hm, part 2 #jk  #funny  #fyp  #cat  #viralditiktok  #ksamhadit7n ","Balas @yhogie_firhandikacara 1 mungkin lebih aman : Peka hm, part 2",#pov #jk #funny #fyp #cat #viralditiktok #ksamhadit7n,ksamhadit7n
https://www.tiktok.com/@sann_x_am/video/7098656171078225178,otw 100k folls🤗 #funny_cat ,otw 100k folls🤗,#funny_cat,sann_x_am
https://www.tiktok.com/@fathan_382/video/7124235671581052187,awokwok#funnycats ,awokwok ,#funnycats,fathan_382
https://www.tiktok.com/@funnycontent707/video/7129306866886167814,Funny Animals 149 #dog  #cat  #funny  #animals  #cute  #funnyanimals  #comedy ,Funny Animals 149,#dog #cat #funny #animals #cute #funnyanimals #comedy,funnycontent707
https://www.tiktok.com/@fathan_382/video/7067253781234224411,mode reog +++#catfunny ,mode reog +++ ,#catfunny,fathan_382
https://www.tiktok.com/@pet..supplies/video/7131916618413641003,Social Phobia 👁️👄👁️#catmom  #catoftiktok  #cat  #funnycat ,Social Phobia 👁️👄👁️ ,#catmom #catoftiktok #cat #funnycat,pet..supplies
https://www.tiktok.com/@fathan_382/video/7126234829556944155,wis angel#funnycat ,wis angel ,#funnycat,fathan_382
https://www.tiktok.com/@se_ja8390/video/7053475271567101190,#funnycatreactions  #katzenreaktion  #lustigeskatzenvideo  #funnycatvideo  #fürdeineseite  #foryoupage ,ürdeineseite ,#funnycatreactions #katzenreaktion #lustigeskatzenvideo #funnycatvideo #f #foryoupage,se_ja8390
https://www.tiktok.com/@c0mmoduz/video/7122352347447135489,#fyp  #cats  #funny  #animals  #doorcam  #home , ,#fyp #cats #funny #animals #doorcam #home,c0mmoduz
https://www.tiktok.com/@17catty/video/7092823327013735685,✌🏻✌🏻I won my naughty meow meow  🤣🤣🥳🥳   #cat  #cats  #catlover  #meow  #pet  #funny  #fyp  #daily  #my17 ,✌🏻✌🏻I won my naughty meow meow🤣🤣🥳🥳,#cat #cats #catlover #meow #pet #funny #fyp #daily #my17,17catty
https://www.tiktok.com/@royal0j/video/7060680329450999086,Cutest fur baby ever 😻😻😻 #cutekittens  #DuetDoWet  #kittensoftiktok  #himalayankitten  #funnykittenvideos  #heartwarming  #petlover  #catsoftiktok  #catmom  #fyp  #viral  #tranding  #wetkitten ,Cutest fur baby ever 😻😻😻,#cutekittens #DuetDoWet #kittensoftiktok #himalayankitten #funnykittenvideos #heartwarming #petlover #catsoftiktok #catmom #fyp #viral #tranding #wetkitten,royal0j
https://www.tiktok.com/@pet.earth/video/7121911618770095406,#oops  #funnypets  #catsoftiktok  hahahahahahahaha,hahahahahahahaha,#oops #funnypets #catsoftiktok,pet.earth
https://www.tiktok.com/@richieanilynchannel/video/6998130741930413339,Don't forget to flush baby! 🤭🤭🤣 #catsoftiktok  #cat  #funnyy  #tiktokph  #foryou  #trend  #viral  #tiktoker ,Don't forget to flush baby! 🤭🤭🤣,#catsoftiktok #cat #funnyy #tiktokph #foryou #trend #viral #tiktoker,richieanilynchannel
https://www.tiktok.com/@iamwillywonky/video/7077651881673264430,Shortage of beds over here😅 #fyp  #foryou  #fypシ  #catsoftiktok  #petsoftiktok  #animals  #funny  #tiktok  #trending  #cute  #wobblycat  #cat  #kitten  #lol ,Shortage of beds over here😅 シ ,#fyp #foryou #fyp #catsoftiktok #petsoftiktok #animals #funny #tiktok #trending #cute #wobblycat #cat #kitten #lol,iamwillywonky
https://www.tiktok.com/@oboksoboks/video/7099341046114454810,#cats  #catsoftiktok  #funnyvideos  #justforfun  #randomvideos  #😂 ,#😂 ,#cats #catsoftiktok #funnyvideos #justforfun #randomvideos,oboksoboks
https://www.tiktok.com/@fiazulhassan1/video/7128624143506918682,#funny  #funnyvideos  #just4  #just4fun  #just4laughs44  #animal  #animalsoftiktok  #amazing  #cat  #funnycat  @zidiiqueen671  @rooji._.5t9  @yolo.peepss  @alizehshahofficial  @irfannaeem0  @adeela5baby  @amairay_official_  @aronarana22  @fareeha__alii  @bobykhanbaloch ,@zidiiqueen671@rooji._.5t9@yolo.peepss@alizehshahofficial@irfannaeem0@adeela5baby@amairay_official_@aronarana22@fareeha__alii@bobykhanbaloch ,#funny #funnyvideos #just4 #just4fun #just4laughs44 #animal #animalsoftiktok #amazing #cat #funnycat,fiazulhassan1
https://www.tiktok.com/@fathan_382/video/7097376743106923803,hiling#funnycats ,hiling ,#funnycats,fathan_382
https://www.tiktok.com/@51c001/video/7137295841139739950,Cute #cat  #cute  #funny  #catsofttiktok ,Cute,#cat #cute #funny #catsofttiktok,51c001
https://www.tiktok.com/@thezenkitty/video/7128773676958305538,#cats  #run  #funnycats  #showdown , ,#cats #run #funnycats #showdown,thezenkitty
https://www.tiktok.com/@fathan_382/video/7132197906718674203,fight#funnycat ,fight ,#funnycat,fathan_382
https://www.tiktok.com/@fathan_382/video/7116402305200704794,ngrawus#funnycats ,ngrawus ,#funnycats,fathan_382
https://www.tiktok.com/@oboksoboks/video/7122271481182063898,#cats  #catsoftiktok  #funnyvideos  #justforfun  #randomvideos  #😂 ,#😂 ,#cats #catsoftiktok #funnyvideos #justforfun #randomvideos,oboksoboks
https://www.tiktok.com/@fathan_382/video/7131451429822303515,thell mw what#funnycat ,thell mw what ,#funnycat,fathan_382
https://www.tiktok.com/@wuerhangzi/video/7118772183417064750,Do you think they are cute?🥰#animal  #cutepet  #funny  #puppy  #cat  #tiktok ,Do you think they are cute?🥰 ,#animal #cutepet #funny #puppy #cat #tiktok,wuerhangzi
https://www.tiktok.com/@barangunik69/video/7116589738676571419,Don’t stop it...#pet  #cat  #funny  #catnip  #cute  #foryou ,Don’t stop it... ,#pet #cat #funny #catnip #cute #foryou,barangunik69
https://www.tiktok.com/@pjordan922/video/7066105902402800942,I got this…No problem!!!#SephoraLipLooks  #TeamUSATryout  #PepsiApplePieChallenge  #cat  #catsoftiktok  #catlovers  #gingercat  #ginger  #houdini  #Houdini  #cute  #fyp  #foryou  #foryoupage  #fypシ  #DuetDoWet  #funnyvideo ,I got this…No problem!!!シ ,#SephoraLipLooks #TeamUSATryout #PepsiApplePieChallenge #cat #catsoftiktok #catlovers #gingercat #ginger #houdini #Houdini #cute #fyp #foryou #foryoupage #fyp #DuetDoWet #funnyvideo,pjordan922
https://www.tiktok.com/@funny_v.i.p/video/7105555349196901675,The end 😂😂#funny  #funnyvideos  #pets  #dog  #pet  #animal  #cats  #animals  #dogs  #cat  #catsoftiktok  #fyp  #wee  #🤣🤣🤣 ,The end 😂😂#🤣🤣🤣 ,#funny #funnyvideos #pets #dog #pet #animal #cats #animals #dogs #cat #catsoftiktok #fyp #wee,funny_v.i.p
https://www.tiktok.com/@fathan_382/video/7044814724701195547,best cat jumper#catfunny ,best cat jumper ,#catfunny,fathan_382
https://www.tiktok.com/@fathan_382/video/7113232258261110042,skip#funnycat ,skip ,#funnycat,fathan_382
https://www.tiktok.com/@cuuuuuties/video/7048633370103909678,Little kitty meowing 🐱 #cutecat  #foryou  #cute  #kitty  #catsoftiktok  #kittycat  #fypシ  #cat  #funnyvideos ,Little kitty meowing 🐱 シ ,#cutecat #foryou #cute #kitty #catsoftiktok #kittycat #fyp #cat #funnyvideos,cuuuuuties
https://www.tiktok.com/@fathan_382/video/7096186415217659162,funny kittens#funnycats ,funny kittens ,#funnycats,fathan_382
https://www.tiktok.com/@thekittyandrea/video/7135841377174228230,New job 🗄📞 #catsoftiktok  #funnycat  ,New job 🗄📞 ,#catsoftiktok #funnycat,thekittyandrea
https://www.tiktok.com/@pranke_union/video/7026714334948560134,Oh no oh no oh no no no no ....😱😱😱#funnyvideos  #catoftiktok  #katzenvideos  #fürdich  #funnycat ,Oh no oh no oh no no no no ....😱😱😱ürdich ,#funnyvideos #catoftiktok #katzenvideos #f #funnycat,pranke_union
https://www.tiktok.com/@fathan_382/video/7119518972701199642,Balas @indraindra9278  sakno yo cook#funnycats ,Balas @indraindra9278sakno yo cook ,#funnycats,fathan_382
https://www.tiktok.com/@fathan_382/video/7117551944301858075,Baby n kittens#catfunny ,Baby n kittens ,#catfunny,fathan_382
https://www.tiktok.com/@funnycontent707/video/7128595577603919109,Funny Animals 145 #dog  #cat  #funny  #funnyanimals  #fyp ,Funny Animals 145,#dog #cat #funny #funnyanimals #fyp,funnycontent707
https://www.tiktok.com/@rarestworld/video/7050513410190003461,😳 #fy  #animals  #cats  #monkey  #funny  #educational  intro sciencechannel (IG),😳 intro sciencechannel (IG),#fy #animals #cats #monkey #funny #educational,rarestworld
https://www.tiktok.com/@honeycutepet/video/7106484872365051178,Smart cat🐱#foryou  #cat  #funny  #petlover  #cute  #catlover  #haha  #sweet  #smart  #fypシ ,Smart cat🐱シ ,#foryou #cat #funny #petlover #cute #catlover #haha #sweet #smart #fyp,honeycutepet
https://www.tiktok.com/@pethealer1225/video/7126752894904274218,This cat is so funny#catsoftiktok  #cat  #funny  #cute  #pet  #foryou  #fyp ,This cat is so funny ,#catsoftiktok #cat #funny #cute #pet #foryou #fyp,pethealer1225
https://www.tiktok.com/@fathan_382/video/7091218941883829531,Cats day#funnycats ,Cats day ,#funnycats,fathan_382
https://www.tiktok.com/@pet..supplies/video/7116895052621810986,Cat and Mouse 😂#kitty  #fyp  #cat  #fyp  #funny  #somebody  #catoftiktok ,Cat and Mouse 😂 ,#kitty #fyp #cat #fyp #funny #somebody #catoftiktok,pet..supplies
https://www.tiktok.com/@mon0s1n0x/video/7065994845046803738,#backroom  #funny  #cat  #fyp , ,#backroom #funny #cat #fyp,mon0s1n0x
https://www.tiktok.com/@funnycontent707/video/7127284532524453125,Funny Animals 140 #cat  #dog  #funnyanimals  #funny  #animals ,Funny Animals 140,#cat #dog #funnyanimals #funny #animals,funnycontent707
https://www.tiktok.com/@adpital/video/6877268933951376641,#dj  #funnycat  #foryou  #catlover  #funny , ,#dj #funnycat #foryou #catlover #funny,adpital
https://www.tiktok.com/@joe_rain0/video/7117003292474871045,#funnyanimals  #funnyvideos  #dag #cat ,,#funnyanimals #funnyvideos #dag #cat,joe_rain0
https://www.tiktok.com/@mymy_ishere/video/7077835870509862170,#kucing  #kucinglucu  #fyp  #cutemymy  #animal  #pet  #funny  #cat , ,#kucing #kucinglucu #fyp #cutemymy #animal #pet #funny #cat,mymy_ishere
https://www.tiktok.com/@rex2paws/video/7079801875519884549,Cat ✅ rabbit ❌ #catsoftiktok  #cattok  #catlove  #fluffycat  #funnyanimals  #fluffyanimals  #viralcats  #fypcat ,Cat ✅ rabbit ❌,#catsoftiktok #cattok #catlove #fluffycat #funnyanimals #fluffyanimals #viralcats #fypcat,rex2paws
https://www.tiktok.com/@thecatketty/video/7135849229972491525,Wait for it.... 😹😹🙏🤣🤣 #crazycat  #catsoftiktok  #greycat  #fyp  #anime  #animals  #funnyvideos  #fail  #catlovers  #lol  #catdance  #funnytiktok  ,Wait for it.... 😹😹🙏🤣🤣 ,#crazycat #catsoftiktok #greycat #fyp #anime #animals #funnyvideos #fail #catlovers #lol #catdance #funnytiktok,thecatketty
https://www.tiktok.com/@prisa25/video/6620914072638459137,tertemback:v#cutecat  #funnycat  #cat  #shoot  #gun  #gunshoot ,tertemback:v ,#cutecat #funnycat #cat #shoot #gun #gunshoot,prisa25
https://www.tiktok.com/@tipsterpl/video/7099867256234069253,"Funny Pets Compilation Short 39 - Funny Dogs, Cats & more animals! Try Not To Laugh 🤣#funny  #pets  #animals  #dogs  #cats  #funnydog  #funnycat  #laugh ","Funny Pets Compilation Short 39 - Funny Dogs, Cats & more animals! Try Not To Laugh 🤣 ",#funny #pets #animals #dogs #cats #funnydog #funnycat #laugh,tipsterpl
https://www.tiktok.com/@zacbritishcat/video/7118675320693083419,Mandiin sapi di @petkingdomid  🤣 #kucing  #cat  #fyp  #catlover  #kucinglucu  #cutecat  #catlove  #catfunny  #kucinggemoy  #catsoftiktok  #kucingtiktok  #kucinggembul  #britishshorthaircat  #kucingku  #catvideo  #kucingnyimut  #kitten ,Mandiin sapi di @petkingdomid🤣,#kucing #cat #fyp #catlover #kucinglucu #cutecat #catlove #catfunny #kucinggemoy #catsoftiktok #kucingtiktok #kucinggembul #britishshorthaircat #kucingku #catvideo #kucingnyimut #kitten,zacbritishcat
https://www.tiktok.com/@sarahn777/video/7120206329397988634,lucuuu😍😍 #catlover  #kucing  #catfunny  #kucinglucu  #kucingtiktok  #funnyvideos  #fypage  #fyp  #fypシ  #fypシ゚viral  #xyzbca  #AQUADULU ,lucuuu😍😍 シシ゚viral ,#catlover #kucing #catfunny #kucinglucu #kucingtiktok #funnyvideos #fypage #fyp #fyp #fyp #xyzbca #AQUADULU,sarahn777
https://www.tiktok.com/@sarahn777/video/7124295186460445979,😯😂😻#cat  #funnycat  #funnyvideos  #catlover  #catfunny  #kucingtiktok  #kucinglucu  #kucing  #viral  #xyzbca  #fyp  #fypシ  #SarahN ,😯😂😻シ ,#cat #funnycat #funnyvideos #catlover #catfunny #kucingtiktok #kucinglucu #kucing #viral #xyzbca #fyp #fyp #SarahN,sarahn777
https://www.tiktok.com/@fathan_382/video/7131417432446504218,smell#funnycat ,smell ,#funnycat,fathan_382
https://www.tiktok.com/@alfa_difal/video/7136757361460481306,🐈 : apee lu bilang ? #fypシ  #fypdongggggggg  #catfunnyvideos  ,🐈 : apee lu bilang ? シ,#fyp #fypdongggggggg #catfunnyvideos,alfa_difal
https://www.tiktok.com/@skizofren09/video/7129511380566281499,rasanya pengen manggil damkar aja.. #funnycat  #kucing ,rasanya pengen manggil damkar aja..,#funnycat #kucing,skizofren09
https://www.tiktok.com/@editormager3/video/7132074917545151771,cute😍#cat  #catlover  #funnycat  #funnyvideos  #kucing  #kucinglucu  #kucingtiktok  #xyzbca  #fyp  #fypシ  #fypage  #fypシ゚viral ,cute😍シシ゚viral ,#cat #catlover #funnycat #funnyvideos #kucing #kucinglucu #kucingtiktok #xyzbca #fyp #fyp #fypage #fyp,editormager3
https://www.tiktok.com/@honeycutepet/video/7137614853824630062,🤣🤣🤣#foryou  #cat  #funny  #haha  #catlover  #cute  #laugh  #sweet  #lmao  #fypシ  ,🤣🤣🤣シ,#foryou #cat #funny #haha #catlover #cute #laugh #sweet #lmao #fyp,honeycutepet
https://www.tiktok.com/@ngakakaja_dulu/video/7088615526624218395,ngerjain kucing itu menyenangkan 😂 #ngakakajadulu  #fyp  #cat  #funnyvideos  #prank ,ngerjain kucing itu menyenangkan 😂,#ngakakajadulu #fyp #cat #funnyvideos #prank,ngakakaja_dulu
https://www.tiktok.com/@hirothemunchkin/video/7118698772636486938,They're so scary ! :( #cat  #funnycat  #munchkin  t #catlover  #munchkin ,They're so scary ! :( t,#cat #funnycat #munchkin #catlover #munchkin,hirothemunchkin
https://www.tiktok.com/@fathan_382/video/7089493228356979995,dont run#catfunny ,dont run ,#catfunny,fathan_382
https://www.tiktok.com/@pet..supplies/video/7137602790343413038,#funnycat  #catoftiktok  #funny , ,#funnycat #catoftiktok #funny,pet..supplies
https://www.tiktok.com/@cat_reacts_69/video/7111623759097777410,#memes  #cringytiktoks  #cringe  #funny  #fypシ  #blackcat  #viral  #meme  #trend  #fyp  #cat  #catreacts ,シ ,#memes #cringytiktoks #cringe #funny #fyp #blackcat #viral #meme #trend #fyp #cat #catreacts,cat_reacts_69
